Prey_latin;Code;Prey_functionnal;Depth;d13C_mean;d13C_SD;d15N_mean;d15N_SD;TL_mean;TL_SE;Benthic_mean;Benthic_SE;N
Pleuronectes platessa;PP;Benthic flatfish;All;-16.61;0.82;13.41;1.02;3.49;0.18;0.68;0.09;46
Platichthys flesus;PF;Benthic flatfish;All;-17.38;0.52;13.88;0.78;3.62;0.21;0.46;0.11;10
Solea solea;SS;Benthic flatfish;All;-16.75;0.8;13.9;1;3.63;0.2;0.6;0.1;54
Microchirus variegatus;MV;Benthic flatfish;All;-15.65;0.21;14.28;0.2;3.74;0.21;0.8;0.1;6
Buglossidium luteum;BL;Benthic flatfish;All;-16.79;0.56;13.65;0.81;3.56;0.21;0.61;0.11;7
Merlangius merlangus;MM;Demersal fish;All;-16.57;0.44;16.05;0.53;4.26;0.26;0.43;0.13;48
Trisopterus luscus;TL;Demersal fish;All;-17.34;1.2;14.78;0.86;3.89;0.23;0.38;0.13;24
Clupea harengus;CH;Pelagic fish;All;-18.05;1.72;13.53;1.69;3.52;0.24;0.35;0.16;10
Clupea harengus (0-20m);CH1;Pelagic fish;0-20;-16.74;0.29;12.92;0.37;3.23;0.15;0.73;0.08;5
Clupea harengus (20-38m);CH2;Pelagic fish;20-38;-19.02;1.48;14.47;2.54;3.69;0.42;0.08;0.23;4
Callionymus lyra;CL;Benthic non flatfish;All;-17.31;1.22;13.37;0.78;3.47;0.18;0.52;0.11;18
Loligo vulgaris;LV;Pelagic squids;All;-16.82;0.97;17.05;0.35;4.56;0.3;0.28;0.17;7
